node,sample_idx,n_nodes,n_edges
0x9054b1ec37b544007a0485524633725cf719d466,54,81006,451445
0x4354dcd0bd968f2b37baaf6f0285113525e5bb8b,311,2169,14399
0x5df4aebbdccd0ad3ea827052f6dedccfb2fb0743,946,1508,14672
0x21e41ec1f927c664ab752e438a5c732b04fb4349,976,20,21
0x830892a3d3a83d4087e56016ac769a3e299e8789,851,9303,32137
0xd9a38f95525d46865d0428436fa140e47418a4a3,642,421,20829
0xd11de5fc1d54dd8719341ba650cebd554ec6c852,653,18944,63460
0x3aa6e776b9a95d78cbf68adaf140ad257664be41,468,2114,74757
0xcfb5309c4f5c3a50e563b2eb37c5b4cb0b57bae1,838,7958,102365
0xda5724e5973d3c42133c2dffb058532c55164975,39,12249,360799
0x08e6f41b69df73b6cdb2a418191e651dc4b63334,298,22711,188324
0x5a0d2748a84ac6ecc27d789636dba75ce813a8d0,266,65,277
0x7c14369f68d7812c105a597beb13ff8da64520c5,205,17365,358642
0xff9551a6fc7c1c8ca64bb6966f4120b206897b83,236,4865,130685
0xd5e846494df899e0d7ea5e628501dfe420d2643b,785,25240,245417
0x33442aaf93e5f4eae3043103495133a2fb5c783b,529,5741,148568
0xe91feadf85aefd7929bf3b04ddeab180e6189c2b,521,37973,642816
0x15d16a2073735251e663d96e3647f68e571bcbd3,98,10771,156288
0xa9b76be7d6a743b770007b3304d253587105ce2c,488,15191,198366
0x1b741540258001e4992a5d66eb0d14f2f341085f,749,20,23
0xc387587a1d7cdf7aa73e14ce03ffac945777aaed,224,5927,28301
0x2ab9c272dd32850421bb2a22fdb7e194ad10386c,193,27419,624763
0xf6879a233448f48b1ff29572f62fab22f1a817bd,258,257348,1920732
0x823355b7323b70ec9b881e0541fc8b96055e7193,684,211017,1179755
0xa8fe5b44dc190a166fa44ce4747efa22bd5b2312,907,23276,187418
0xaf1931c20ee0c11bea17a41bfbbad299b2763bc0,543,40679,531914
0x984abfc32f8497a07279b4dcc67f366235a3279c,925,6343,86472
0x72adadb447784dd7ab1f472467750fc485e4cb2d,906,19636,872315
0x24eb0439c3f1f2d93c0e2e0e8f2a55c4634b0a98,219,21429,591797
0xef6805af393c34fe772f8d827a5d26685215612a,674,66,5316
0x5788cfa680b767bed64a8b47ee1b51cd54218f99,354,113697,1175705
0x81c8b2fee8b1564ceab4b3381b2ee56855fcfefe,360,68,1131
0x216dc48f74bacc2a1ae7c064fd22cb542a70088e,495,17175,183647
0x76ab8405b80f3f68636c7a7c39587cb85f006647,904,135525,1068840
0xf0fd675e97186996fdb248e8cd6ab4cdb10b8558,823,7620,144152
0x9edce61dcb101b390afb0a361409169191c9553d,710,21620,232462
0x43ae04b7bf832bbbeee7ef0b1e6b26501c46d41d,248,119745,1430130
0x4db75758d249d59588daa6c766e157258104c09c,943,4045,82105
0x24d8b826350b3fad9fbcc622e103e533d62eb00b,639,35434,461679
0xc9aedee8fedb4663e0adba2daa539ff20707358e,78,1926,22385
0x4288351bdb16c1ee816f3840e54e68e78cbe9d68,646,12117,147479
0x8e6be4cc78557cf3087b15963bf7139b0154e0e0,786,71179,630548
0x7bc7f83a9a7a55f2e2f7779b2846088e7edcacaa,133,7247,45649
0xfd1fc68e3b190cb2ec75b06e7f796f8d4ca60a3b,654,50147,620371
0x8a80df09b64e40b337fe2a03f13bf2684d994c3f,189,10829,242510
0x3b05cfb09d198071a779d4c1f96a30b008776673,479,105779,1321831
0xe995e85369d7b58a03be8ff230a49e73c259281d,712,4524,105992
0xc4d949361b88bd78231e454c2719fe05bc91b1e6,963,15276,208255
0x2569d83a778f1bc7caa5b7f121229c149653eb13,761,3060,77049
0x5e3346444010135322268a4630d2ed5f8d09446c,745,135722,2138821
0x2dbe0f03f1dddbdbc87557e86df3878ae25af855,42,22031,788274
0x8ba4355159cbf8f50604b4052f633ceccd44abba,426,7715,62127
0x3de08b35c0e7f255f37a5dace9bd8eb78e99e985,768,9446,542776
0x1f694442e5a06bff1c854f85ba272a2de45b8bcd,897,24424,361211
0x41466413f0c7f11c5b1af39cc1344af9d21a6d57,175,27333,341807
0x38e20a63f9eb64a7756b42b54698c4e0e68cac1b,198,4010,73056
0x3615f9577cc70e613ab2a2a25a2c3da6b1dd925f,394,3117,80719
0x5948c2cfb58ce9ea076a4cc1e6b90f390d2c14bb,141,10598,45735
0xa2f3fda8cf36b1aba1ca8b006d991d82211c7a38,255,105,6202
0xb8f18b49a2b97ebd65fd1379f4f5d3db89855622,30,43807,771005
0xa17fa5f639be31188ad2c5fffe4184c98949630b,422,8,7
0x57e5143d6616578415c3cedcff53ca7c86053365,413,23533,383981
0x7ad51e48de134cee0ad4511a4fb6bc8f1c3e40ac,287,119860,432938
0xded5db55c940e84d7c1d194930adb8e5f4fa0024,125,14170,237618
0x8760d59d64fc8082d2788f1e17e844f4e47230fe,472,52450,389232
0x78d9a6d3f7f2e5f069ab4ef95f0de5877f93b4d3,560,24529,354158
0x3a5bc6f549725cf454c54f27ac274df96f9abe49,335,74375,583438
0x8ebbec4caa593e0538a1d9269d236bf9593bd719,706,27370,568975
0x9d8d9d80cb04b4a326e881f64e1d69bebbba0795,655,97517,544518
0x6aa36553f97d5965566697bafcfda5d69a5bc6d7,922,22443,511336
0xaf1e72ba508e4c4e3e78080c5ff5349f3a43a89b,225,128478,1267448
0x865922a9d1439a425a029364c8f841e827cee53c,470,57188,165404
0xa6ca11c1aeb5d085b4d5ddb481a6f156c20a5e2c,967,9522,25256
0x69f118705d917f0fb0a538503d51aeb8ecb51abe,644,7074,26623
0xe4059d276eac5fe5fceec27aeb97baadca14705b,93,74322,1121857
0x28f4c90197238494d309446c277b2ca93646e88b,362,1140,81493
0x44525c8dd44b9d470937cc9e7a0275eb14c7b01d,410,2250,107483
0x52005b77fbebf53cfd9527a388f58d0431aaaa3e,333,9823,247344
0x135a3bc3a6ff820655ecb413d2cd76fe9cfd61f8,645,5463,11598
0xb37da5c9179345341fe50d37cfc961ba47c01f9a,699,319,11826
0x134481bc8b90bd883275caa5e15c35d85470f344,182,1933,48969
0x5f4a088d3dc1e2decf5a655b67d9643b3a36b7d4,889,50868,651259
0x0755e59d505c9b473aec50b476df3ea2045739aa,608,10761,228677
0xcd3c47d9daf39b58e9a17b21012caaaab9050ef1,546,13029,337528
0xd7d58bc47b1497b9cfd7b96424d3fec138f2d340,764,8479,46160
0x3927bf4beb3c0f3662e303011e7fe8c25b25b72c,836,38004,484273
0x11e9c8d62fc5bc3487253dbb467dcd8f4b80aeb8,304,653,17376
0xed442a7efeeb80bdb2aa8919ef2fefa99d355d59,114,11104,137289
0xfaa09a98491ace16a82cb24adecfc68eb6ad2f3c,302,41024,279963
0x38ea0c690e0b4e64eb7f337f1695641c32229acc,629,7279,12365
0xa636fafcf1bb16685af835c2674a7ff022bb67a6,199,6111,113679
0x21714af48dde86752f78a2beb105168702da8f05,868,38,140
0x19a4f1c62dd2620fade8b945bda927643b05d6c7,997,8727,30517
0x93bba15441229bcf86dc88136e18bf6e1b0b1b75,734,54694,621511
0x3ae7ce4b4a8be1eac3bf3890e0a3353819387919,454,4782,53137
0xd226fdf86c4d1a080d8826412758ac3692e4d00a,55,2312,24803
0xa9e9505949a7b829d3ed21d172cbfd36fa8c5a7a,493,90251,718662
0xcbc11698083a56f750324d0e17540cff413fc51a,757,1289,163934
0xf299ec25649e926bb97d4e68189ee3c63bdd864d,958,24093,123387
0x4586c422055c6fc7050d34348175f2bc58174ff0,810,7628,49619
0x0064454b14cddc990ed6520ef94d3e28fe7c41b6,705,6169,47700
0x88bdeb65ed500794118d0e5fdf5808d23bb74e73,756,43,636
0xe8a8ce781bb7047726dbb7732ab0e502adf8b0b6,214,13247,90300
0xc7dbcc9aa76e8b7c38ebc4c7ca350d18f10bb0f2,305,7120,110263
0x4b7d69c60f9b31695174f845f2db8386632b976b,555,3928,10767
0x002bf459dc58584d58886169ea0e80f3ca95ffaf,575,6108,79651
0xdbcf2066a2fc7fd4701cc5255c8f24cf5307fda2,95,205,937
0x068f136651bb48b0231c602277549cfbfc4be54f,903,28,43
0x2e96fc41d9f5d9dbac160a6bd29863d6749af29b,592,27429,68864
0x28e25487d1095af47160e609404a536c69733de0,817,1209,27614
0x17935dffbc228397d2f5a67061867804cecacae8,937,22748,351719
0xdf9191889649c442836ef55de5036a7b694115b6,33,35354,466999
0x8e0aa0323ef887108cabf3b77923afb194db902e,69,11104,42833
0xe9cc2cadea24afc75fe84321e4613190c342ddd4,124,8976,52764
0x90b5a195b96c20700efae283cac1ede5fb751289,159,53,235
0xa7ac22937f0cabff3da1fdfdddbc395974c71d53,352,27089,100484
0x77faed976e187f26b49e78be8418ab074a341f26,307,1808,143122
0x76a141a400d8447d14322eabec29fe02bc2389db,254,4832,76263
0x849de2877f2d4fc368f61e486ffce1b7be4bac73,15,22158,105881
0x8f491f95e744033487234e54945a44279b932168,142,24633,349494
0x4e4408da1bf97a1c1da9702ae4bf87f5affffbb3,462,4164,17886
0x2fe84431df2a477ec9dcc30c9414c85758995856,370,18959,201483
0x49ef7c6fefd32144abec3d6ad276900bd8d8d481,927,23456,195257
0x05100d807e021578968c0c4edae8692ca156d537,928,27,33
0x4121cc82607ebab3f334e067f37fe2709c403bf6,261,108430,1905038
0xe2d05d0b73719af729b96d3b4b38faa19af941cb,859,69318,195899
0x0427b56cb41149d51cb88a946f05c5ca9417cd78,342,362,6083
0xa5d13912201028f8d3c249a7eacc92cd49cb3b7b,57,29121,129357
0x27f4c13866fb207a928f6e66c5c9767acadcd51c,12,400,2346
0x6217ac5492151dbed2a08751d19c0a079dea07df,713,53650,613788
0x7e2b784ee4f159676d29740d5c9416a2fbfdd812,582,33236,516754
0x8b377c97ed734f2b26b1aaa136f6849310f46652,987,10955,146816
0x58f288f0a8c287f5922c08d9693c045942609f23,622,115553,1188530
0xa14ff495a461f254bc5aa8da4f49ab54e6727d1d,499,38474,525665
0xa019ae3d0c21743d8f6cc586ca5aec8557afee9c,204,18,19
0x1691b2f9986598e12c57aba5be50ebd5346247e0,435,17793,495556
0x573bbf1da87750c61d2dd9e61fbb95edbc3aa666,512,12242,424304
0x94d55b6f8b53903026399ab45294140eafbfbf44,514,383,47080
0x3cf52f7418bdc969b491e37e77b5b68090ff09d1,968,2058,25469
0x6ee89644b3b2bd2508d5a9252631d742fa3bbb80,321,84588,700005
0x9050082562d05cf4988f07a7150af6b61d4ecabe,443,12133,275827
0xef833d85a7c8e3dc793d74c2d336ea74bae7ff5b,372,17170,224564
0x428be8ca197c06ecfb95acd77078d5506bbbda1c,123,788,23715
0x81053c561fd1e5305d05c651fcc2ae7c4ae2cde6,834,18663,271684
0xccdf72de615b5158bb37931bbce645aa69221520,424,21,1355
0x3fc6e079d2bea33ef05a3810b2a245c398688ca1,784,7615,114553
0xb8b4cf8c5ef95c9baa574ec4446e42f6424154df,218,12100,120105
0xeb945ee7193b578dc1fea2af1712907dfb3b9b24,34,907,31335
0x0d0bc372cd611b3b394df487a6ac2aa7f064d46e,778,11,15
0xf7dca20054469a1d548b20859a100b9ec6ff1f61,412,50393,1349902
0x7eb28833082eb28fd423ab30df20afde98c47dbf,66,33067,511788
0xc725875945a5654c972981c9519a7a11e4b5cf6a,685,993,11095
0xcb37118cd8ea90a7a5561310ebca9456736ec021,285,11327,206823
0x5b135d7e2774c801a73208f258123d7623e07784,732,22714,746280
0x899ec988042de3766c9e50f9b3fa58aa1d20e567,803,77783,440643
0x5171b26b0c9bad84b1e85a70e918ca477f3f393d,278,59938,642514
0x88ac8d2d6ee5892ab3c78f7f49b5e226f191b578,579,96700,930382
0x9d74525cb76fc400d8cea39121a21613e4b9c6b2,552,4807,70590
0x61343265fa886ed0a4b911b64e4c9cf54c056f27,465,16125,40577
0x451ba6133b64829398fe074ae649a7998acb16f3,640,17613,188155
0xe4c94d45f7aef7018a5d66f44af780ec6023378e,230,15389,385358
0xf6861fae2e382a1b7d5bba6ccb8280e96032fd83,441,9356,102152
0x5cd6af8a828a596baea78c110157df40e380170d,85,29,38
0x7e442ed5e4c80f494c29fef0ed78e1853945ae9d,146,590,17426
0x5fe3431008809a6df30bdfd41dff4f7dee871b2f,453,12106,83700
0xa2d32659c87a2fdc4b891ebc7b737ef7dcddd017,924,5232,30057
0xf19c11540e012227466a59cade5f7fcf8dc1d1d1,324,11843,287835
0x860f3b648111294346897c6a8309ffbf22265526,651,9377,41014
0xb4e71fda1304fcb03975e366cb166f049836f898,49,13765,163990
0x93d8d5bb1f1e4822f3c614d9a09e7c5e3fabc13a,451,172,7613
0x644de964e1a1de83744e3b849c9a9a6d60f54081,437,22975,222633
0x8e8f4161c9c3d2d8857230a048df1fc6f4326948,914,102,5906
0x0d117ab66e61eb270c7eb1d822de35a58157e5fb,578,7642,99896
0x88f4505a8b9adb4c0f4c972b68804e1b9c16cb97,434,4522,79028
0x1a9a5d586d900ba497ee3ffbd90526b41779eb5f,829,65707,873244
0xc6811d924c9b42d1764f5044c2fcef52e702f0ec,675,1438,39938
0x7920cedadd66e38804da21fd4321e46db041e897,989,48167,172097
0x90b6884f54c539be8fd1ea479b75ef5e5629559c,384,11836,99564
0xc438b4c0dfbb1593be6dee03bbd1a84bb3aa6213,6,2559,335709
0x34959919244b18128d084834dba11f0c91732ede,676,130,10338
0x6bb2950e3cdce797f07ce70c952bd41d7563f1be,18,80,169
0x2996071be221c37e4dd25e7a4699bda06a0e4e92,773,100018,1076515
0x04b8e5748bd275ab45b9dc2bf5290491e4acae7b,589,19266,134460
0xb1592e74907bbde968fff5ea4fc7931086945062,174,12589,99168
0xe9af2cf13744b7afdb7e6f3aedbf56f34744f013,508,33730,425769
0x5d77050b1dc29ee1b58c98f2d68469b2f6d2be3e,89,98131,815979
0x8362358abea2b7e60f564b8a1b6fa452f33569d2,118,70493,814501
0xce9795eeca9a00c0e9969b03e1df1526d9c43426,504,51,111
0x60d46ff10a5b155517cf0aea8399c4d87ec11b57,154,44273,264356
0x052f585fa599bfb4bed290ff30c057627ccd8059,814,243,33946
0x70a902ed7ae3c7cbf2df0f710c11852ac30e29c2,25,14394,106016
0x1f74ec38622b77408c97013010b0f5e575f69f00,935,17485,148227
0x9a3155af259efed1538dab3fa74f11dd13337943,884,10339,88039
0x5a897421c5cb9a946c1cae4294ef6e029c480d19,178,8294,76471
0x182999cecda097b5638c0c580e61a627fb4785e9,62,12371,58902
0x984d05cea1f7cf4b28eef88451511d968d5f20fb,815,65031,486973
0x914ec63b45ea7705e53fdd1ce5b98d65f3f60392,293,12416,59816
0xcae77a05ab518492144944fb50572ebfa3595870,750,14965,126403
0xcb3eeec958d07babcc14adad59dbdb01bda7d3c0,694,14306,117781
0xe30c6b5ecef9fd188394e21b3ecf60919b57d6c8,878,11205,141601
0x98cc9f7118d7c06b6fd735ca2cccbf6b003406ce,837,1518,26552
0x05201cfadc29da01c377223641c4a72dc1d43f96,280,9150,44915
0xb997fcd0574052a26f68518afcb30fd46ef3f90f,544,91,3792
0x4c522865dd56c45b3d097241099df4222344946e,669,5467,39015
0x1ce7ae555139c5ef5a57cc8d814a867ee6ee33d8,598,24196,1008260
0xcafaa155eca7092e9fd9e07eecea42981b93f9d6,957,701,13744
0xca4da1753336aa8340710e0e1a8c0bee2bfbf56c,871,509,57568
0x016396044709eb3edc69c44f4d5fa6996917e4e8,998,22841,782877
0xb87a309da720c40dd606f6c9083ae2c75949268e,36,4618,32199
0x7448df6e1031d10e237b1481930a074b13faabd2,447,197,12331
0xeddac89c4a4962fabb03ea0881052a70edb52c92,854,59087,322200
0xe2d3414228dccff87966fce291107257410f56fa,886,59205,877136
0x7ecb12f414b589d46baba929864531904fc6c0d0,359,119625,653166
0xa970052e459bc8076d64643cb226c882519c946e,257,35613,421698
0x3b410ffcf885ceae2d20becdbb491851128d282a,170,90785,982427
0xdce0c839da08a9ed9f0d2aa3d4a9e56133d1bc3b,912,1039,49105
0xef7149290d68db4ae877c8fa32e89f99939eb2bd,52,4550,312483
0xa0379477dc82c589fdcf38d2d36e01c0f23b7fc0,813,2345,74324
0xb411869ea04c9982b84bf95d20c35c690a4f6e7a,184,9,14
0x2ed3a302f56f0e58d1e470e12e611f6b6395987b,40,1470,12616
0xdfd76ac3bba51b0dd59fe22a376ca420f94801ff,445,20234,114465
0x7f2d59c402577c164d932f037bdf3bc83e377893,313,632,26496
0xc57f1148855e67763a694f7f2c0e68230adc686e,852,57691,654317
0xbee564dca2df485084426b8611c6d5c011640c49,70,117,259
0x0a9f58ee19a7131ed031ea66a032c05c7efe965a,260,76498,762240
0xa9723e26b6853c343a5fafc5a86e7d664c727fcd,692,46116,709362
0x54bdcdbe604c38b8aa8a63ed07d77bc869a6f7de,84,9217,322804
0x4ed38c38f038072dca5ce72867b9f7aae381ebd9,385,9798,124660
0x6e6dd4e95fbb4afa508c9a5ec37b77d63828d900,923,3275,14859
0x9036b3ef4ae62f3d887ffd86f9b76f6cd7c60004,899,82018,1038240
0x80fb784b7ed66730e8b1dbd9820afd29931aab03,256,60360,1615915
0x9388786b88ab445eddfa0e401bcbf842040a3ba5,862,24304,235932
0x3484678ac87dc2c324f94f687d56dc917b4c3ccc,539,15797,380799
0x009eca640d78c7eaa234602a1485859db5d2784b,666,6562,44034
0x2dd971dcf01354bd684fc379f86e74afa6d920af,766,17165,61954
0xacceded0ae171ced2bddbc20241c249d1ab2af42,380,3644,119052
0xfc4a2c6729f48216af19d4feec388a620ed252ad,623,109404,925509
0x3f52126b70e59823b66e92746a0eb283f61c3cbe,708,3026,27372
0x9b521529d04329c2b0a9f9b7db18ed775c6ca8fc,320,27,71
0xa7d625031fa8f6b975cf6281eeab974b2e8e2029,334,6647,124954
0xfeb4ff869fab20a8e30c771fce13d78a96a5527d,160,24976,646326
0x59027d7292ae7f48fb80f562a946d8115f98608e,109,69452,770846
0xa5dc644bbc472ba8fa012a34386d1d6c6d2b0dbe,934,24077,87221
0x688f075476bcccd25cd2455899aaedddbab3848b,20,11387,50259
0xa23203c466a57649b83687a3d9129d3ec427c50a,187,25223,265875
0x3fcc565da34e457e1d2cfdd61fb994c04bd293e7,877,57383,196701
0xe7cc576611c2df800862db667140a90cf9ec4b72,536,112,3973
0x0ddf631ebc7e1f1d7aef06660ca2656fc8166c18,793,24901,205843
0xec4208e6786bb63b3a204590a477585dc8152b4b,740,15351,202758
0xfce8ee048678da92153f6a294f410e84d2991e2f,423,8952,71394
0x6ea9d465dc1a1fd3d36e626b9f8ad1e022c8fe91,67,2643,14451
0xa86a7ae337cba8da634572506e0dd2630eec46ad,683,33106,377414
0x256d09436d8adeccefa6a49038d360eaf312f670,874,9036,22717
0x021f29d5967f12504c5d1f26b41637981c4d99d3,796,9112,96926
0xeb6a066d30c55609fb9f3f6446c6ef8f27033d2a,718,6185,180462
0x11fe997e4225d1e8e5c86852b52c6c4d36e9c2a2,656,27238,538973
0x934f2c45311cb60adf024b5a678211df80a6bb68,296,2321,16797
0x423fbbcf0730a616a06de2231019b6289f775a7a,336,18,18
0x379e2768e0631493dfcc9a560171e66f93cbcc69,164,532,114902
0x86e5f4375ef11bb19e97e08cc45ec4fd6b2c8b27,693,13319,45598
0x46f1e49a12c5baaa4014c41160da817cb699a50a,794,5659,50311
0xfb864b083b6284a864cd3a18378e65babd13ce1b,571,10199,159118
0x170c2f3e263c62ea5a2a4283f4fef9e4489e4c16,483,125290,814343
0xa4e451a0e8fcb8a1c29bbe3c96b7e347a674e616,751,405377,2750146
0xab5fd091c56a9b801e945a902e986e894e4f407d,600,18384,438278
0x6aef2850c2ce2ef583ae8a36be3357080608bdc3,875,240670,2017922
0x9666cb90aad9316174f2f0c6e7b9fc1355d8b730,534,1311,11883
0x97b20481241fe3cb9cc9ba50609d377b2506cdaa,407,9382,168915
0x05ceca187caba57008bb531e1c14a2814e848801,299,140441,1267983
0xa5167bf9b8e70cb228c0e558829090e63bee22f9,229,7544,49719
0x2a1cbda9f24255ff3489561af72342871c06b7a3,234,14264,192837
0x60afc5761212ed59608b0559b4ccbaad24fc74b1,474,42041,495889
0x092e8eb42a48fb169c0caa92934aea6f84a310b8,620,17474,51519
0xd13a5d2a5269500c7adf4ad74513cef3b58f8ad6,594,14180,217454
0xb9bf661444e7d90ed8f24915fef79ac4ac7fbc72,971,14556,426654
0x73af61e453b0faccf2ae8cace961f0ef62a18afb,659,30858,372601
0x14692c8b4f68716552a109e862623568ba98504f,86,152427,1280280
0xde1e0ae6101b46520cf66fdc0b1059c5cc3d106c,581,29706,847256
0x068a425809797f7237ce5b503efba587cb2763ae,489,3934,13387
0xe765825804182d16f2dfba8fc216f9abade567cb,617,196558,1797895
0x5867fd5e09db28fbfca41e240781c57715508b86,345,17813,47654
0x7d7f49f628e88413eb736bf059410bbdfecadcd5,797,15766,397276
0x3d36de21eac03beea7de279db992bc29c5a909bf,217,154172,1489475
0xc742807a6c09170efff881a382e56675f991e461,839,122241,814180
0xa2bde774ee583818849e2635b625794cc69303fd,627,2366,43472
0x4c83809420caf72dd6afbcc3c1389fbc93d5aebd,301,16758,89239
0xdff06e603de64027cf0a6bd602ca0fa0d88855cd,37,143,432
0x700cab1dff0b8951a34bb5e44930ed87c1a5d17a,251,115656,1379115
0x8d0123921778e66eb72e25b6e1bf332d2d8bd722,936,1070,25868
0xfbb62df5cbc8d0bc4c2a0e5c53b8602d49471495,866,13190,25518
0xe3b128ae6727435f4e227747a67f6b31c0ed29d1,637,6725,67626
0x82d4cd6daa751ca1e9d816d47076efd7f5bfe06f,415,1524,100693
0x89b1c8610ab218e1999c2cb404e206d1c226fdc8,494,29599,401661
0xc091d35eb5183426b19abd9c692962ca17749e9a,549,19140,506970
0x1095775428aab47a4f922503d69cc8ec889995c6,726,121,13706
0x5628b9289157013ead72a70ab520bd81055c1003,297,101174,407490
0x17fd666fa0784885fa1afec8ac624d9b7e72b752,812,10423,653976
0x3ffc9c4df6b29a0c3bf5a3056d37b68288c79a29,416,327,53735
0x28906b932cf61c99efc12615f4852bd2d512d8a2,804,5806,13461
0x8effd494eb698cc399af6231fccd39e08fd20b15,604,54497,1555247
0xad5e3ebd418761260117e14b4b8af6bcfc9d6ed3,350,31,56
0x368eeb3eab32d0a4325cba547aff25e58122b6df,480,27397,80876
0x303345349da72a28d12d5515f145dd77cb84bacc,130,50461,798716
0xf6eb7d25dfb8cd1d8fcb8d1cccab9f6f3e594ea8,196,22650,149724
0xa1e17c98cfd539c4aad12b248319233925db9137,286,10409,83678
0xb00548770ea87482f024cd4292a975fea72e8f01,28,151822,1345856
0x47779ea9849c7eec04197b21f9554931b8fcd5f4,754,1797,24791
0xbb5cc961784c7cc9b3e4396624386303ddc89c50,811,23350,334317
0x4a12eeb35bd5187be2d26e0fe8b906abd88b6897,490,52569,600276
0xe57cb5ac68df7b399af0f7745d8fb22098d24464,431,94,4151
0x00bcb8ad5adac279c31be3836397e649ce9122d9,828,11029,171441
0xc338401b27a804b8d170c4a319e37a5e4b3af237,591,8668,28400
0x679a8cf6e181ebbcd9d14d0bd9595d8cfb79ecdf,356,77280,983897
0x405449e6d7f4a0e7ac136d59cb6a4b8f0e4aa053,351,185936,1243006
0x438f6084e95b73172bbea086c1f0c329e9ba9312,327,948,5649
0xaf5bda8f8b954b03474305fd148c8361cad4d2cd,913,14835,465603
0x43e9e7e65bcd75572d9ea568ab02923d3cc38398,267,6846,33698
0x0527d9352a24a47e1e327d00b76d32ca1f2a473e,399,125503,686124
0x3ea41dc576ccf70706aeece363833a26d9529c38,330,6224,198216
0xb2e04dc9ee49cf1726ce86ea21f88b72ef58698b,104,9096,48097
0xbec5bc239aec978c16b65798c3355ba996ddce03,438,5235,56928
0x3eb9b48c44664b41706d4cd5ff989bbbe36ed07a,702,7972,311545
0x9f82315c24a5fbad0102d9d8b40a2003803030b0,115,23,26
0xdf35b5ccc185f3bfe5140de74c06c3d849b14e03,619,54622,473001
0xae589cf489ea488fbb1273ec3899e36ea3156c0d,727,10059,191992
0xa1c588354dd62bbf5075680f18316adf4b97b672,207,36872,202593
0xb86cd6e6445d9f13cfa43cf2623e9baf86be96a1,47,139366,1034229
0xb8cf411b956b3f9013c1d0ac8c909b086218207c,533,18846,521715
0xe17c0d93c87be3fbacef0cfb431311c7c76ef972,545,8216,81993
0xbfb043d53cd41721a0cd3da3ea25b2de47d8fc63,990,12487,109560
0xa9d8909c2998d6d38060ccb40f691d9de9280d5c,848,2776,23762
0xb83814f8b0f1948aa663cf5540631a9a5c9e8fe3,915,5638,39055
0x46cd13ad73b0260bccec6e722c42a7b76ae19b67,200,69498,879834
0xf855fee50a8915634a105385cb6cb9e442d15457,501,15,31
0x2e2d14bf29872c12ffb6b4abec271ab9e48e056e,870,18940,362718
0xc2d7cf95645d33006175b78989035c7c9061d3f9,873,90838,1489363
0x876cfc994b9e5c2a30e74cc32830c6af685e6bee,625,12534,102645
0xd64bef919a1a125c236252b123eeb2369d8a8394,427,3128,62239
0x9e50031deb1f02d58abb9b4fa87a8ea99636b411,941,32660,773092
0xb9ba61669e7652970180b3b98972b001b8fc88d2,265,7619,115746
0x48ec7767d5def1c1520402b092356e070c5f1adc,38,46088,520522
0xf6fc6941643384ccd56ad8f084beeb338b77128a,231,13603,157689
0x1a2e19f9ab0c0768a59521d7afefec5b7d308be1,45,590,17426
0x6cd72a9a276d03696f88bc0ddf908fd6832599cc,209,7458,155451
0x590679bd9b8c452b95be13a4cae4f65ff93d6109,466,1504,15580
0x7a531769e0e6b06f1116704753e895eb26273c97,143,17157,179047
0xdfb2f1b76ccd881a6444548185ca0b1f031e0ccd,363,32000,191860
0x560103140543704632b31ecfa38bc05ee5397caa,163,14956,29400
0xf1da601832b47b3b9474fb8be248289e52a7db8b,364,48535,316121
0xa70089cbb3aed9156cf431a8fe7fcd92a4c74f49,724,13,13
0xa3e52a23060ccdfe186822b52bf60a07451e094e,61,99,3590
0x1161acf9a61b8cd951f5364e897c586883a1fe76,235,10698,42512
0xcd76756495e1b8c5b8618276c6046a8be46fc444,982,4884,129404
0x82a759bb9848133f1cf6936318306072ef7a637b,7,21360,200192
0x25fbf54b202f62de7c0198096b62e334620fc64b,158,2244,71330
0xf23f9dda63ed0628609272dc0544c7a2f7189f51,51,27930,739790
0xb328b53b29d2fe98ccc3e9be3e5b15de6f05eba0,135,1353,12308
0xb7e3a4a0ade4af3b5fc22c7721bc26122374e640,176,17,19
0x84d2a64cf2c0b1b4a65925dc0b1a20f42fe6104f,833,49989,536517
0x3c762e3b21dd137875b3f81a5e0cbf9f0a921c2a,241,74497,1040060
0xece1728cf694acda2748f3c7b778bf29b2b19762,865,2987,84810
0x224b9f4666472682f3e805f4dc1e0fc39b7b96fb,250,18047,147783
0x6896cf29fffc1736192fa41b4adfee42f7663db5,349,40039,687654
0x3d1b344d1266f9ba246271e27b174abbdbca262c,746,58374,646894
0xbf0a4a57d66ec0eb94dce2fd0a4aa57f8b0a2530,461,5021,101097
0xf15efd6fb42a41f4cf843fafbb90ed5a9171fad3,404,3067,55753
0x1dfabf381d80dd29d43bc347207b30a5c484bbd0,227,64322,1551698
0x5337a05cc6bcc36b9e70a4b2f81d4c7287aa742e,855,12668,43369
0x754a7657092fd2862338ff06ce02cfc389d49e21,586,18470,416040
0xa48a937431385710f7ff9772c14df7514240db3e,787,120429,1329883
0xa46311dc4d3bc52b66d45e74682042bb143a9aa3,63,79,546
0x52c45b5c67245946e0cee2734cebfb0204a075bb,77,262385,2098969
0xa15c636c79abf96b4a5f13f15dc3f4ba3e9e9b5c,791,6595,220330
0x68a3f179321beeae99453127ba4b933f4ea36621,510,19626,66546
0x74a01390635d8d4016827fa3afb1a0f6c33ed8d8,403,5521,206595
0xe4de14d4f9375e1236856f1180263a0c5ef1a70f,132,1565,26728
0x1fc91924b33e64ef9a816735cb5c5f4de8265340,933,42054,289999
0x49c47caac5a13bd9abcb3aa04ab5dad78c55f1c8,201,5644,76852
0x41ab1b6fcbb2fa9dced81acbdec13ea6315f2bf2,87,53755,1460479
0x7ff7c80cb742d6e9ce2aca62fbd1be04bc38a402,573,1438,39938
0xabdf4c1995d99251965bbb567d8fe93f259cd31e,603,17383,282560
0x3506ff5847ad5d2f800f2710ae68dc18c6d0b198,795,3272,29753
0xcdbdc6343817b2ca1829b049fb8e22a179578d06,152,6575,47550
0x29f8151ce8e95fae2482a9feef725804a62176ed,319,1099,21417
0x1d59e20970688bea4820ef512f9b4b94ad01945b,17,25297,463016
0xc13e897ba56649b3dc937924b4cb70e96407b370,737,1187,4649
0x5622d8663b45deb4fd430ba5981bd014a52c12d1,288,5687,111141
0x9a9ae6884c65725c8f5378dbb6d3900bff36da53,259,713,29326
0xd464844ce2cdfdf66b8adf88d800ab80a64417cd,300,1251,14492
0xf425c3b9c600ebad0951750091927f9a4e8ae7dc,715,2091,24549
0x04dc88636ed615f10066b5c1bbc22a672ba5c39d,43,28938,76844
0xe00fd09361ea38ca2bc3b8c246187ec407ce210a,680,40754,163449
0xa1c72de82000fa1e7501d076cd858e3c6795c485,220,1438,39938
0xfe00adec515c794acc1e133e23587b00c6800ebf,605,35417,141216
0xf9aa13c384056740ab325d7c632802a253fb4fd0,970,8185,257646
0x6d36a0f840bad9de1c0295f929e54c36601f7d6f,739,108024,1277550
0x149ad78e5c4566ee99d5f3a45477713958e74850,371,13800,170654
0x18560bbb9c87564b85c5d121748c5c13883d3c02,249,8878,38051
0xfc8fa2290c88ab2ba115234e64d934240868591d,671,7511,45802
0xdb428beae591b08841cf3259abd1d4720c7b53e4,150,18980,649410
0x2543891b8789472ecba9791f73e480fdf3416985,932,1298,32920
0xb892267c255d218d1e71a5b6a0f87d52fa5b0a09,686,12302,82011
0x149759d6e86db8742606fa8b68125233c8d1529f,295,2267,72680
0xc6725ae749677f21e4d8f85f41cfb6de49b9db29,991,6010,590460
0xb64f875daa42173ccac0b01e502695b61a1a9a64,48,6565,299014
0x3b6a1bcbe677880342b7c4fe7a328c77d9837934,210,57323,235238
0x69f8e87518129498da751f26ea2309db05e7270b,19,199085,1822218
0x54ce922824122bdb4fab8f4f1dbbcc44656ca4fd,731,947,11302
0x6dc7115b291f06d7b77659c3d7d81e535548c318,395,15982,147413
0xa4fe2874a4ad464a50cb72a8c0b1a6ab221a7c17,74,89458,856761
0x88fe429643e572d2a8bb33f34fea6392234deb61,792,21896,944587
0xfc3957145326a67fda5e303c614e0daae0beace4,979,8084,196170
0xf048d0dfa69d1ec03fbb2eef0f127500665b2f88,318,9209,70440
0x65c40db0c9d095929e1f1e08f566d60549525852,65,8642,77594
0xf087e047a945b8ecdc1fcf2d018cee766cc63cfc,802,590,17426
0x602026bd56bf9ca9d86926669e4353035aca2a88,771,120,294
0xad05c7bf54c83ba0a930b0739145d2a493913cca,635,12830,123061
0x2a9c11f8e7c75f4342d2e4ba4714f99d5e1a998a,537,170952,1230492
0x17f8afb63dfcdcc90ebe6e84f060cc306a98257d,720,25212,891160
0x21e791aeb441629fe2d85af03d191a5bc6cce0f3,767,15507,119425
0xd78051f0c4415132fd4fdd0da3aefdaf4ae6093f,524,74538,664408
0x0c3dd2cf9357cde0e50ab7bd791373d074927ef7,283,44417,339661
0x8090b98099256567b594ed28714d9af5e48578e8,704,11672,72896
0x7c5b7712fb4e08d25af6df531473ca461af19a4c,765,1433,210838
0xa9bbca8e5163a54fb7af5228b2f34343d332246f,44,70807,842958
0x1eb7f9a19dc084f90dbca65b23c351c62c6552f4,808,89810,1150437
0x83a71ef467ef4d7eee1e6061ce5e3d5db2baf1e1,361,151068,422695
0x44eeacc14ec1d03a5b74114c0bdbd9c854de3ed0,896,1438,39938
0x0c9fe4966e78150900bafc58731e1c51d91d41dc,79,51299,762753
0x349e0629e750a836ebf25d3bade13478a93b9998,892,24337,336300
0xbe87ea6d3b72e7a3cd64e50d9934faa74071561d,76,189381,1918834
0x6d3fb722fc164ea70d2410be769490c6500b9a45,554,61,129
0x92fa227d01dededae2a50b9da02413c48a872424,628,11965,28508
0xe8f3d069db0d50e31181cf660f45b7976c0fbc5f,112,119881,1146399
0xfb13f0d146ac45ec4d3448ccaf9fb9d563d46236,502,128993,1717900
0xead1e8a0bcdc79449227de76bda72dc0ab647bb6,139,9808,39806
0xa6702737d2792160db27ec282aa07530368fff7d,156,3974,85429
0x2c10286f3594503ce3a31be156df7b3efd8f8e32,99,79,395
0x4c520931d8732c44845c2bf1500e16c2a3f0172f,216,12693,70050
0x7c1e9d15d305fa36cd52a523edf28b46708c98bc,138,111436,1045788
0x9c660ed6d7c110c17ea33de625cb63887d09f6eb,506,28845,561183
0x2da8703d18afed53b303119e4ff06cf035a9fadb,846,137114,1024694
0x574388f6ab9aad12b151e0d0cb8056234d9f5964,583,53075,641934
0xdd1bcb6aed511e70250f6a72321e8aa1d1300d19,417,12071,58776
0x29c77a017dc5548cf3ad98eb4b187f906fd3d549,847,52,1739
0x32ea6b24675349edb6df2896457819289aad180e,432,28016,429525
0xdccdce28bba5b796724f1b50ab350403d895fe08,31,18047,579456
0x997e147ab0101d975b85e3487f87171ae42f84f5,450,66095,864303
0xf94a2b3969b7290cf67cd222788e4a1a5af038d2,574,7817,106957
0xa71545ea3af11dcfe29c61eb90c4e53bf5c7602e,695,8485,78807
0x8dbe49ac6576c0bc3c666dba25db236c7b481e3f,843,245840,2291719
0xe53fb5a5d0176f32a7a15b8295dd3d608c671716,929,4476,61938
0x2bf67455095a09a7a7bb95d69b8a48efca704d0b,310,18876,348504
0x7b66563dd534c3e66fee08c995da9d5e77c883f9,397,20469,389418
0x9503a91432fc93a4a7d6fc3e0788bca843f771f6,405,8300,333273
0x0a5650aba6473c48898f3d9366b52c21a4eec37b,688,110863,1315056
0x29a86af5d04259949bad39105dae1dd5ebee3c4f,172,8643,10587
0x147f98efcdc7243877057ea54c5cbf9816b9dfe1,275,13,16
0x73bec2d5c98bc4cace92c72c5ab55eea1bc39acc,881,173463,962446
0x0c2cb2d98f9f5ed558d9560d0e38e47187b2bfe1,393,7463,12246
0x267b1ba1887f4c7650932622e163a5e1879e0a72,944,6375,375323
0x2bfb0d8b2602ac04fccf7e0d0e1a45060725e692,469,81,4354
0x4d09b2c27908ad5448cbefa6b8b91c72069dc1d8,108,10064,196216
0x3e5811045f9cf65156ef87c04cb6a88166c225c0,473,16912,340239
0x879a965b7fc2aecc808942010a68af66e0490355,197,14620,247045
0x9389d2d2fe2bd31af28fbdb37659a8c623cf6c06,641,20841,388292
0x7bcac19e6b5ea7d86b3bf5122d4b20010f535bb7,16,21347,456395
0x39d9d2e377808e34ed924f634c04f5a53c559c94,636,118444,969149
0x7a393453ea8608f7c53d5f495ad212b89d9fe25e,902,5300,46225
0xab4811bfe14b6a5539bcfed84b440eab46ba7d0e,166,93721,754689
0x891f1597754a1e37e20bad5120dfdf2471c1d839,835,26,46
0xcacef0be68e7edbfbbbcc9c5b2a412c03086362f,994,86457,683305
0x3a18806c170e21a12a87ad08798e85ac86eb8be5,762,35,206
0x28be673a550c3946b031a6d42aa745f9f6e04280,952,5797,44752
0xa0a5e19e24f16f121e2a661021e8522c9908764b,273,6452,66476
0x28afa5afa0fbe6307852a8a8d5c511b58461bbca,96,30797,69166
0x673a4020c8dbccef2ba2d481fd3870d20f4f4643,155,2597,19761
0xde2cb7450e93795afad6a57902d6714b9039fc36,177,3824,40085
0xc42052c2d03618e304d920afd05b95faeaea9a56,116,1891,26103
0xdf58164bf6282b954aab3b900d2910a354ef3a11,551,19232,217626
0x3cf5947eb0c6ac6f283f434c5d0f742fdae9f504,398,22448,295660
0x8444173280e5fdc0525494638123b014cffcc521,337,70615,569907
0xedebb061110b9cdc9b262b36f9c6919dbd4a4443,950,63257,664860
0x9e55507a10af47f0a60493e77af432d588b9907b,995,44903,489630
0x3d6b1ce6ba915bf0001b4fc135e98474ef6eeffd,312,14727,282252
0x6f3d8de9c151a30fd31223b2949f98a01839d6f2,481,36668,114202
0xf1316eee9f6dbcbae1dd8f755953d5f52dc2fd7a,420,11900,97093
0xd0d75675455e101ca43da63c3aa8ad827e2eef89,631,31937,522832
0x5e578a71736308594b98e980e32b5554b2bb4150,716,59619,746114
0x240c344c297ea7cb6b07e407022c7d14bae9d892,91,20042,61604
0xc8ea6a9a93beacb1ae6187de7ac84f17fc227129,503,1039,49105
0x4ca81f5781f8a6d7ba13f400969d4c1459908850,179,24,1666
0x3f8a37bde9b15b65c82f9cdd00192e0ba36cc5fc,650,109810,1803670
0x2f770356505799e411d5358c2beeae953a97a89d,860,26431,473387
0xfa639c67e8f1544fad094d64cb649cb0ff93841f,818,57184,170652
0xb89145f286c25cfc9cb9cb8997c204189bd8fc9b,760,20399,177990
0xf88c443d4094fe596aa609b32d6fc5018503ee66,951,3271,85452
0xad0c88f3313abbce2185597e87a15f764e948a46,985,7977,350884
0xc0919536e3cb26b751e4f54a8505bff53459b8f1,900,1241,21454
0x16a17e245c6c218e2f4dbc3100b4572aaa62e33c,323,25945,450014
0xe76d7b8b056c5cf89bd892590fc9e4fdff9f04b9,290,8204,108615
0xd599a5bb651e666594298b15a2b0f7bf3f62411e,972,102135,798197
0x4841ca34ddd9970442639c21bebd30b190055c04,626,34679,435890
0xa5712afa19d70bb5dd57b91c43fffcaaf077dc3d,482,44093,636231
0xe5bd3d206e416e611d215a736f5ee6b18a0cedc1,611,901,23790
0xe6eb070bcef81fd12a198ba03fe393e9ee4cb671,247,4400,111883
0xe3938777da25854473c0c9f686aa7ed78e4563e0,332,3967,44342
0x3d12f4893b41e9d9a77d22de6b1351e204d5bf69,986,12609,48917
0x1b229f5c45d4b8dd15b1bb6dcb2e8f7253f7508c,240,82891,1104283
0xc266fb2a9634d0996c19cc0e3f7738970cddb5b0,523,12523,289210
0x8bd0e0d7b01556b510757499fc702eb9a99d7d3c,80,11883,112159
0xaa501318d9f97bbd3ea8aac08b5eaf6085b9e3f4,820,6776,39029
0xac527d48ee626113c043ab4172979caad16a35b4,119,7366,29784
0x7b8cd72503f126b597c6d7f07d51cee166206c35,338,590,17426
0x9ee1e7d4f70a698689557b6bb67e8b6555e36d59,850,61264,538073
0xe486bffd5f81bd97e40f4804e2577fc4344c0922,268,18251,67863
0x207d4e38a33a96e7a33e0ddc62e8406ff10fb404,284,9,11
0x5457bb4430d8b8d1a3708576100aef0e027c5b9b,673,571,27969
0xabaf1f1079a5f19da71bf1fb00875a3fc5437cdb,71,123335,1395888
0x22ac318b2df651d45410bd92c1fc82177a4350a9,717,27638,52820
0x8be8273d93633b6d99c83759fb54a825a01a804e,649,1779,10955
0x61a17b30bf186cfa80a355a4c7393203fd7e7629,725,18740,179572
0x75211e599ddc1a140f93368e33cf5dd6f5052089,948,50656,917242
0xab8109cc302c38a4d3b6a3b33dfd214aec0df3aa,486,23903,117314
0xc35bc9408d11af9aef82a9bbfb95b62a9b71f6d3,315,952,5656
0x728781e75735dc0962df3a51d7ef47e798a7107e,736,17891,995727
0x697a278a1a51ab5ba4e65bf7f6f55cffd4e72b35,449,17900,420655
0xca7d339b107c0cdcb9d281bfe1c66fda891d5f62,418,7455,10834
0xbc48a24fc93f4f71ebb5fdca953e0e74d2974624,798,274,2574
0xe7a06aab8286cef4206942a4891ee95a40e86466,165,85416,939286
0x2e462fdef8cde7db82aa3f7c627731be94f7c9c4,145,28211,618439
0xec0286e070aa711dd1d592b70c29dbace98ff36c,801,136362,940369
0x338f81271564682fca0bf32f2081f7c4c11720ce,281,72968,1019142
0x32e461eac5915840a85a488b0bec200d8aac4633,842,48633,318305
0x9d62bb7aff215a781848a8437b1d2cc642c70b5e,711,18613,360087
0x6fbf39a72e6ae606dcf9f43bb533fab84eb950f0,378,14628,54135
0xa8142ae84e37d4aead0a4b94b1039f9db51c681f,930,22344,96531
0x088cdf3a6d315e44d1804de3dc26dac876af6c47,291,30037,677332
0x2ba2b853ad1f2a21553c0c7036a263d975d68d5d,496,13140,236040
0x8cd0dd947b001d0003e8056e64bc7453f4ba1a91,326,53303,247025
0xab6a676bb03cbe9275a6eaa03bee150b2a02be0f,960,1248,13409
0x41adf29532a797e6421da918003e80ec70535dda,519,255443,1959482
0x5c029c3bd7369d67645957bca367b988b4339688,955,34293,457933
0x8c4b254c507fa9bb16495902385e3ce79b0e6668,584,47466,853862
0x94a1768148c40e5b9d10b86fc5f6d91f710d52d0,4,72144,695407
0x6fff3806bbac52a20e0d79bc538d527f6a22c96b,1000,53835,1212474
0xe5c40722a7e825ce60ae4c528df57c2b0a361287,916,55942,679494
0xdcc78651574a362ce004d981d40b7386e9dcc835,507,11164,294448
0x2e1c686f075b4039bbc539f1d3454403e6de1567,339,49596,1022812
0xd49bdddb0ea2c79872804a702d1b31b5313bea44,518,1508,14672
0xbaf18322ce288b08b2c58081fd0d1a9f03a9ea37,788,24409,233011
0x975c09ca2c0d1ce050d78a56495cfb77bb35c03d,292,24597,200406
0xd8fcf9de1cf44796180afd9775bbca985835bfd8,157,28690,563324
0x37c81cc9ff71d0f97849a947bf22e8e529b72230,8,128969,944932
0xcdd1cc38f976793a26ca55cc59c2d7a2b71ae20d,689,1311,11883
0x9c67e141c0472115aa1b98bd0088418be68fd249,910,56653,1213215
0xfc4390cf0d03d9850efe90319fa20e6b88d98c00,769,35736,616566
0x5001279e4e13eddfc5dac59d5405660ca6b7d26e,375,41415,417056
0x0a0ba956038d4a66002d612648332b9c4ab7646c,992,14142,189629
0x8a04b6a0223af79e4acc0a55c7b166fe0794269a,522,47981,621757
0xe69728c904f250c6f67155c5fd02222066ff7ff9,56,970,19096
0x169e170c8d919483528c7bbf31370eb44d9213ae,329,1214,14097
0x35042fa3f535826c171419c3061ef407ac0db60f,940,156971,1647329
0x89cbf1f6799bff1263f0a806a4f585a9d8168cfd,94,287947,1645079
0xc57f358c6223832626fa52f86d7b845803afb6f9,789,7120,32648
0x14ca4346167a1e3b872f86af0fe118c60e77dd68,557,13350,126251
0x9844f5c5f9aa7146a74ffc7b9227742acfa71dea,733,22672,249122
0x4b35e0ab998ebe8414871c13cf778f9d0bbdf609,613,2247,311380
0x4cd9cdb3ba4cbf49aa92f9a4520ede9be5612416,211,4346,96615
0x8b970e087917aacc36f11a628a11b42187ec2ddf,73,1030,16056
0xe4c55e5f9b8038a1a35625e7a7482ad31685ad90,289,590,17426
0x8a99ed8a1b204903ee46e733f2c1286f6d20b177,752,8652,580794
0x25cc8ed4a362249c4e6730488abb22eb42047042,564,92489,560212
0xb2e10dae596204275d018da8015fe2ea61e079e1,129,31040,304303
0x2bb5e936117f0aeba8182bb0db4dc1f763c9d074,409,24936,186038
0x3bd755b2b2a2aaaa0a64b96ee7afc2dde33babc5,961,27,96
0xb598a615d6978c82c7907148dccacf8ca1e93273,595,7655,120817
0x955a7dc3e238199b208e52294bc4ded3ffa6fff0,147,18519,171067
0x4e49325ec1ea4ab265cb252c90ff8135f80c9685,517,54756,497836
0x52ecf5dd2292f1f746205db6ad3e78c762d17666,714,20659,137685
0xe7d42017ba90773f95204b54eed182250395aebf,949,7622,119534
0x46a5f60bbfd005e46befd2e1677ce8fd6b3d1676,381,8130,336208
0x552d3bb6669a91d3dc4dbee4c35c751108a281f1,569,69,150
0x36bb0e89f241370a01ef4a00df07577d499a94b9,169,43780,545501
0x7b1110d7886691646bfaf3f6c13e0c8fdc92a9f8,457,17872,394261
0x9a6f1bc9a4b2f1739bb84353d86022fe7dcadd40,237,7667,36495
0x9ad30615fa9fa879afe47971935d44abe9950497,308,15501,346213
0x05dd62c007cde143b402fa5da3937c40c70b4b14,658,31415,765593
0x9a57d782babac3dd39ba1f782f13aaa1af19798f,325,19868,83613
0x4c8abb23e6f682b698665a24606133c2163cd8af,121,60,203
0xcb1f2e123880d4537451f0c35efeeec08088925e,10,35,301
0xf400638bc3e73d2864d86cf78a1065d2d310d300,183,106803,1323841
0x99795302cab690e22289f5a946353283645b2c4a,742,15311,132012
0xc348085a86d14f9ede78a5ddd5aa7fef232c9950,790,42361,359603
0xb2662a908cb0dedc4f1f648c16f8ea832e74a4b0,282,8996,24345
0xfe821f5509fdea3f72362d001697ad8c11f0c111,222,12256,256204
0x2a0c0dbecc7e4d658f48e01e3fa353f44050c208,999,102513,2161294
0xf5e358fbbbacfd1c98ad045c53cc5bfec13bbad8,542,3801,43249
0x83d7cb758c30d067e99e9f52f9e4f987101ab888,531,620,1136
0x4b3f673e7a15f7823b862ec0314ed284abc590c9,882,61268,378348
0x45d6d4c1f56e51b05de3df70f506cc52c99fc6eb,456,5140,15178
0xec60fbac097beada795d1260a823a4bf6a60c490,759,6024,60969
0x8caaebc02124e21de51b56c0ab594af7620be14e,444,10073,195766
0x7daea54df0783b39e704bca94a1a1b5ef7833178,719,16506,286372
0x994fd532638e851981338b4a2a1b73ff022d46a0,532,55,96
0xcdb67dfa48d6bba9d0b81a7e84dc5599795adacd,553,4830,76261
0x0591a42188996397fc7cd6db729045146c37696c,821,107949,1450222
0x6beb418fc6e1958204ac8baddcf109b8e9694966,452,25395,672866
0x73855f33a3feb268a4912165bcd007a0cc53c3aa,516,15564,155861
0xf48676a31a2f94304fc09ff056a3bda11e87140c,171,28129,406722
0x23e1c81cafbdb7d01b2d630cd401a33843730817,530,6982,146428
0x28f951afd3c9be7383034e56b7259a262fe3e245,550,17315,92766
0x8f6834fbdab78677bd0200aa4dc86f1fef43eb14,212,1470,12616
0xc77dcad596e1e8277a2c5a6f985c2e21ea905687,383,20649,305944
0xf02ed2e4045e024d04e032e9f609d41795a69c1d,735,30341,291614
0xcfeb92ab316cb905e83ef9cce36e7f8828707063,348,6268,18547
0x1b66aa327b49d8ce06f7d2bfbd8a5f92b240e1a8,959,1572,31158
0xf6e755da47cea10857aef254a2a0904971440abb,303,40,64
0x3bd0aa377b43f62eff9df8d28b6044fd9ba4eaee,667,53,77
0x1a3760add726558477307ca3d17cd31e5ece6a7f,433,6478,60597
0xfba4b747f05e26af411599d25482757bcbe4c939,134,65785,658937
0x50f51d3ec96b10c6515fc2b08bf68cc767cbf142,358,42,228
0xd80c5ba61896cd054aef11e63832bf3758e51198,149,87,1179
0x24f7ea54d9cdb021c0788caab3c1796aa8b2c161,966,9182,138906
0x620d392d06df0a0182c828fac30d27b0782830d1,391,47711,275488
0x78505a5fa9f8b630382a3664a2491e019fb54f74,343,8304,72496
0x9c7ca76003a85aa4ab4ff622130c8d680022d3ea,53,50597,561813
0xcb515d908e72dd0e3793d285f4c8208cf0dd592d,64,67604,812670
0x9a049a459990b9570e02f53847cfae6483451e8d,97,2405,28861
0x1e3c07ce10973fcaebc81468af1d3f390d2a4c71,988,86154,1016367
0xce9e24dffdb3dc08efe33ad3db858576c3f27d5d,128,31475,344348
0x7586166fa430a041f9e03eda9ba9ed66be6cf8cb,328,14921,181304
0x6e7186eb2ccb2cf6844767f8564810d843fae76a,763,193336,1833357
0xaee88e91571fd169dff54b2df983757538a12403,82,12748,461573
0xdc9741aa2b64f230a1fc0f576006c35b49055d29,709,226797,2207309
0x2f72be87d6a874f1763306c7c1c3d31c5fa8f0ef,425,6188,180685
0xdcd57d1883990b98b22172dc6028491c7b8cd97c,663,1314,12021
0x2336259cb13fa0622fa16c6a5b92d0e2c4cc4e35,411,39331,622524
0x56dfbe83fd4fd66c0c3711f8cdd509420ac7e31d,638,7977,142469
0x7fabf43ee683d700a5ffd74f78a88f4294a0db5e,657,10349,649141
0x42f87490018c4b2c4ceb031de1aa63dd229c0317,648,29,38
0x324e3df7d6747a4445bd70c697065e5bb8c440ee,11,1139,46908
0xe5aca3083516ed83e81272805deb77adf51a4734,723,23408,390045
0x0c4628b5bd84ba75f94be3ce296d406a9a408679,697,171365,670960
0xb6f3bd2bd331f115e7e7170e514057503519d20a,577,1126,46647
0x1f51f78b2304be9e97bf0f682f8c6b6e6aace53e,547,2539,43769
0x10c10d58c9ef926d876b5015aaf736113dabfe55,964,3693,72184
0x52e30201f31283dc5f7928b4198896083f604416,849,23582,666869
0xe3b3b3df4cf393cf9d721663d242fdd938e9c616,117,36387,229376
0x84c0c7986696c33808b451da465996c5cf0b7afe,678,9721,27025
0xff386ade3909a21425a5be69fb244b150c7df4da,621,7366,29784
0x27f5f22cb52e63e4afcb76033d69f2182b87c67d,891,2016,25412
0xae61ba63316dceb2d0d8041d7c6a6e49938139e9,775,33935,386367
0xaff4e6b8884b35850df0933d2f1b2c922d025e41,355,90808,344684
0xe541813397f8a0c81370d860dcff1f80a781b43a,679,9073,58120
0xaf30d2a7e90d7dc361c8c4585e9bb7d2f6f15bc7,721,49246,1482632
0xa35efc814c675b0f04d883b56e9066189c3305e1,602,127852,917810
0x6090a6e47849629b7245dfa1ca21d94cd15878ef,607,21940,731508
0x32cd777d935ab34e324e9e4da1edf11465c70f59,743,11038,81887
0x0af1b11aa80cb95c4f56db063d0b7f22ff3ef34e,885,23496,236857
0x369314da422b61403e565e3ab92d4700aa0913a9,5,53273,258480
0xe8be18de8e06349bfbfc6d3cf63a267e21af1e02,707,37220,258324
0x536dd185139a0ebf18fd1d463f5d6515dff644d9,691,433,21071
0x43a3ed99c2c73a2c95c3e861289b32160161e129,681,28442,682494
0xf1a1a136d6962ce5a9c23e11767855888efa1452,918,5882,81269
0x0c5ff7e4e12d499e37315a0cfe257be4a8ea3dec,464,26277,294358
0x1196b458d13d001dbff8bdde007da25c9591fc77,588,2325,39340
0x7fa6f93584cec2423b3d9a26af3264b49f069c26,374,2080,24540
0x66f9c60ec1ffe18800dd0ffc4dc3be795e3ab34a,558,9040,153687
0xe121bde576780716f91aebac0f0ce8751ddfabb4,969,2236,23914
0x919f8f8e1e1d1e3d0c040e675a76c21b03228844,60,15261,433663
0x058687793f2fbd3d711bc9f1e5eab80af2875a0c,696,14335,185348
0x785a751b2e36b2b0fdb80100b7ca14889a768a22,144,75047,939208
0x3e1928e2350d05288df184bf671e0b102afc5fed,809,13389,279617
0x3362ea011734eeeec1c6181fb03930c7c550d06a,226,5726,56506
0x997f075b25cee2feb07ef1b53b202ad1c33bc739,238,85,125
0xaa9455da13ba39f5d4e6275337c3d5600cb0f5b4,908,24,52
0xff292da101e8a90992cb59fd2c800fe44c615206,610,1895,39159
0xd70032c9680a1bb4c353c7b5fb209931732fbda2,677,32,64
0xb6b1c5981d034c68147cb019336f3e8cf61223e2,845,16023,137003
0xbbf64960c81f1291c2b4c3cdddbc44572c5f05d7,977,21501,383338
0xbb6b16d67bbca6628820eb6064b91692f3e0fc32,379,21627,260433
0xfc707f1723e61402f4503bf7cc2fb877a419f1a9,568,10376,47807
0x9b466b5dbe7030f259b6c77c8209329a74807574,276,14565,517102
0x96a1aa699dfb501d018ce90020803ec35bcebdbd,728,6841,59785
0xece7de131f2e338c6e76291ed597b359b2b3be7d,105,9,9
0x497e4c58a4106fee817e3bece3c5c029e964eb49,90,109,10789
0x111c00b6124b4f38093fed3a676567bec73ab6c1,643,34097,498889
0x54a508ff8da468cbdbe9a68550ec5ef745c08126,587,133,20617
0x369a24ca6cd279266a72a951978800988888987e,826,10150,57947
0xe5e0b74cef5cdfa8d9b2f52b9feb8c7046a41caa,180,46294,189775
0x8b7399097f741a60a734d66030782d79776c8a0e,430,22848,338285
0x5ab15d763d65f920aa475fad489b9ef0f2accf36,50,5461,94816
0x91af8014a7f74ab1cf1eedb0aa96f58dced95f38,357,119514,845165
0x7da9fcec7d8cd0e13d0dac193fffe4cbe888814c,825,1548,235515
0x65e48798253229ba49ff8948a66bd745e07b5758,137,7168,36139
0x9a4afeaecd8efe2a7186365b55e72503d555713b,830,15145,183109
0x61a00cc2a5a17f0a1c3271fa06f4dad4446d48f4,400,20843,79632
0x52c9dfd68c67aafc9e3e615fb38824b17def6432,203,17692,91805
0xb9b848702a47ae78a70d18c45e552ab1637b5908,606,33158,150618
0xa0c7d4f3fc7f8a46fb58990228d0b82a0354f371,632,16559,287960
0x7788aef90af10f31c34a70d99212992b544c3890,515,76,1532
0xfcfcc271198bfc6f574e2948b7b2a1973d50c993,909,21358,569329
0xd048650dcee9576fcdeee9077056d609de362f40,672,23126,338800
0x0a4d3d0f89b548619cd5575188350117b897090b,590,71746,1029259
0x0301debbeea42b2a6796d234b2f0966eb64a6f81,376,9,21
0x87318b9b7eed24f69907d53eb7727c0a590f3588,186,40932,633186
0x79a9e902cfbe87fa5065905293992c15de7f6095,609,138,1680
0x368be389ce940bf17c3296344086e368bc4c60f3,755,14969,97210
0x78c544eede78eb781707a1d46377bf6be9d028df,540,15642,126646
0xd8429e91dcea99552bb481c99f7d667cc0c08847,497,4115,35210
0x8080666aae9525dccaac7c0f009cc4ce5cdb907a,894,58027,498975
0x02e1c611e3741f645384f40dcc8adb2c18d6b90a,111,8,7
0x86a166a87069b71305654a6c146e02a3670ba9cd,223,54139,957061
0x9ff5d74f5686d8e599fa2f6fe9efadc06faf7df6,538,1397,14147
0x5a84969bb663fb64f6d015dcf9f622aedc796750,262,53093,1332801
0xea1ece93b3db80060219cf90705d9943fb41ebf0,805,7627,174155
0x8e2e729d28bc23534dc92c675efa8c97eb1f0b81,616,172,6437
0xdc1c1f0614b00d4fd17e9571d0e397cc97bc3675,487,7344,128171
0xd690fafb023df77da0cb3b3c113d843adfe4e0a1,883,7616,114549
0xd123c0b9c52af99421765bf129cee22fec0c66be,232,1048,154458
0x0e3e2414af7b60c108ad9ea85aa268da703e8287,491,73,250
0x5f49004c81e8c8e4efbec9c2d4d10309c96380fc,869,30525,237813
0x8bbf4dd0f11b3a535660fd7fcb7158daebd3a17e,576,3751,382397
0xe815037138881e61dbbe4023ca57c7f303cf60f7,858,14588,29082
0x9586b961dff9ef72ab1256e7e82c9dc4fb1f5d7a,3,46790,443302
0x11504b72d6b64bc38e341ba7aed88119c8903e6a,978,34590,260738
0xcfa777a8d9060e298d9e49731d2fa1e4cdd9915f,75,8,9
0x775080b103b135c4afd52454426c01e3849b1244,975,11898,87668
0xf328c09e1d7e7e545e69166fcdf06a8ef7b12c32,322,23,40
0x0fb42e2518677ea912da8a4e246dca5c8cfb1c0e,996,4128,84272
0xfc8e79af70b4cb3cc584f990608bfee0d8f7accd,58,1251,14492
0x354d4f3eb48be676a030f98e2a6c5bc06b96e249,113,35169,287113
0x71ccb1b06eb679b1b1797d4e7d38f2b2cc33e80e,500,81,437
0x3591d5ce815032e3ef378fa18439e27021b5c47a,246,136493,694640
0xf7899354914e989db5bb1776f1bd7d27f19605b1,660,21,32
0xbea7107ea3e4e373a1c9f1e3a99c523dc9791b1f,406,72,94
0x83940770976605dda722a620dd9d91825c8d65dc,484,22183,347079
0x5208d7f63a089906889a5a9caed81e9c889e64f8,780,160473,1644142
0x8692df955b07a43f877e8e5366f6c168fedf040e,827,29461,436979
0xd0588551e24cbf99d153b146b75efeba79d1f33c,148,22739,197483
0x28a40acf39b1d3c932f42dd8068ad00a5ad6448f,831,1539,175813
0xb01d6fa0a92014ee55db0430b7d09412c9481110,661,36072,828102
0x0ea1027340cc90eadabe0b5a5fa42ca609001f12,127,10,11
0x241fbfc7722afa0c9a02e7996733c37de6d6b6ae,807,2197,26503
0x1e985f0904575d810bc555607968c4e52b91ec0e,221,12227,134449
0x0389ee3656307a9c53a6caacd23e603ae7d90699,942,120978,1061403
0x3bed354fada36ad8aad7398e4dbd368c79077cd8,102,208,12153
0xf6bbfbff12d0bec5cb7b491474a062e9f374dc14,239,6320,75864
0xca6ef73adbfd5123f31a518472ecd6cb8e5f4b91,965,43610,847103
0xa77d92583966aa5cba1877ee55a94efeb136db79,931,6916,27479
0x2965deab20b16565d5fb08799728c51b6cdda34b,101,11720,88937
0xadc7f7d0c48cc91bab52c0c40f83722531d863bd,753,24685,170607
0x26fd8a8e05821d993c8621e7480957ab142d4673,888,60643,170470
0x22d1755515bef4afd277d8acd42adbac49c77d43,245,47510,1500763
0xb2bab357369723835ca4392745272b41c3bdb674,962,17386,246338
0x700cee07ac5ef32bc2af762b10f5d85b97a55261,13,157791,1251868
0x304d66005b5ad49f7ce54aceba9bbadb4a5774db,471,24022,190073
0x9ea07c300d4c07ec49d90126fdd53cf430027d30,905,11499,319134
0x4dbc5a77502a22fd1f7ca6120a53df28b2e9fcfe,365,3769,18425
0xdec6f48ab9264743ca17c2c916e7a2459eeed580,984,37,44
0x1dec45d2cd44378fafacec5af077344765bf901c,377,59396,925448
0x7c9f1ce5527a23585306dea93107f8c454a438ad,867,34133,160963
0x1926364d09b37ef4bda4c3c7d09ae17354c34a1b,738,49422,900028
0xf353e1a7989eb527f99b53158477c644219e121f,668,33772,389632
0x79d385f11536f40d07530ccce540c13642b723f6,263,116335,1511117
0xbd7d88cabcd538cdeaa29af2fc5589dbd619b44e,458,301,15595
0x9bfd47429fd1e6c4cef5f907aee8909a69bcfa58,110,1147,28322
0x5f621e6a89b8fcc0de41745bf1fbfdee6ebcc56f,919,46,61
0x1efd1b1ee8174b5421786ef0127ea45076307d8d,920,43067,343029
0xe4fd64c52452aa7933a26c63198b13ee6b87a3af,369,109291,1282371
0xe92721810cb0dfacbd28e05ff8cc0ac12e51c113,744,3170,28039
0x2ad180cbaffbc97237f572148fc1b283b68d8861,29,14090,482204
0x34e40f678db68d9759de253324e22d604126af93,572,4016,20879
0x4d59ee9756ec31480e61c0b9b199fb5bebfb70e7,153,3101,52444
0x39a5c85e54ab3fda347d26af3d3fce81fc74f8bb,448,70941,259777
0xc3f52d2283e610534ce54110a6f97dbdef2a5999,306,50734,363252
0x5140561d192124a1844b6cb32bd8e3e8af432d48,527,11071,131155
0x4e790c545478029d20816a7212c46adde058d63e,120,37869,472681
0xc881c2ffc6cf81106e2e33ede2d8076ffed9bcd5,722,56685,746231
0x3006adde65138c2941d8bc078e22916d21a91920,387,16915,203619
0xdcf0849801f556faa709f56ea41c074b80fee32b,618,6470,27019
0x4143b69a5e835a346cb3f057c0b7ab400910fc4d,630,11550,43286
0x736e84b9b73cf7372c341d679a9ba0284cbd68b3,429,1075,17010
0xd9053fd2b4288d0a58f0f93463f5f71b10630ae2,698,14,17
0xfff0e1b083a1f0d4f7cdcb0ab1660022c746b2ff,947,1033,16057
0x504e85506c4124e560b9a6532314f4f1f9d37e6d,353,46546,524696
0xa1ba7dc258c507a58b64554f509a3635d23b3515,596,42118,305435
0x4c8fd0bab0e4d4ff35937cce3dd2b155aa8e3491,887,10892,112869
0xe3a50ad9e08636f11251a85332e6d110f410626b,945,10,12
0x8518da0e9772a34949740c20a137aac6acc7b3f4,140,7121,30670
0xaff9e40f9b245b15a1d1bb45516ca213e682fa81,382,3356,119100
0x85234c92d4dddf239df9c76497a6516fdf546577,442,16568,112061
0x7b59a3f7522d462d8b86ba22f889b5dc03069def,893,10025,186685
0x020b1573f2ca670190d33ca2f0a57b0c0399ad37,844,374,14137
0xe5bf8b2419242287b071731d3f59858cf74c2c90,9,13,113
0x99e331fa7c45671643666715309a176ea4eef919,665,237,3395
0xde76f91c00f541b3cae2bc1b3d67d0093fd1e1bd,317,22466,263468
0x5ab35e76fad0e983d3f241efef7272b127aaa617,513,302,462
0xe53e25d2cef53a5dcff3430bf266c93ebbcc0535,228,22017,123477
